-- Adminer 4.7.5 MySQL dump

SET NAMES utf8;
SET time_zone = '+00:00';
SET foreign_key_checks = 0;
SET sql_mode = 'NO_AUTO_VALUE_ON_ZERO';

DROP TABLE IF EXISTS `customer`;
CREATE TABLE `customer` (
  `id` int(11) NOT NULL AUTO_INCREMENT,
  `name` varchar(255) DEFAULT NULL,
  `bnid` varchar(255) DEFAULT NULL,
  `win` mediumtext,
  PRIMARY KEY (`id`)
) ENGINE=InnoDB DEFAULT CHARSET=latin1;

INSERT INTO `customer` (`id`, `name`, `bnid`, `win`) VALUES
(8,	'ESS V, HENRY JOHN JAMES',	'hfp5710',	'037418698'),
(9,	'POLAKOWSKI, ZACH T',	'zbz7037',	'652682465'),
(10,	'FARRIS, KYLE',	'kmz9016',	'559650401'),
(11,	'CRIPPS, SPENCER JOHN',	'scs9159',	'609096036'),
(12,	'INGRAM, RAVEN J',	'rkp7453',	'193532248'),
(13,	'SANDERS, KEISHA MICHELLE',	'kwr8760',	'634350467'),
(14,	'SAHIN, BERKAN',	'bvh7980',	'499944335'),
(15,	'CODER, DEBORAH M',	'CODEDMVUMZ',	'807834809'),
(16,	'GAY, GRANT FORREST',	'gkp6924',	'564077890'),
(17,	'FAMIANO, BENJAMIN W',	'bkh5995',	'223506005'),
(18,	'HIRATSUKA, YUYA',	'ywm9888',	'352519136'),
(19,	'HARTY, RYAN CHRISTOPHER',	'rcv7129',	'389824646'),
(20,	'SHINER, SARAH',	'sbt8570',	'916078531'),
(21,	'GABRISH, CATHERINE ELIZABETH',	'cjj2551',	'524560020'),
(22,	'HAUPTMAN, RYAN MICHAEL',	'rgy7989',	'298044682'),
(23,	'BLICKLE, PETER',	'BLICPP3M1M',	'592775415'),
(24,	'MANTO, JOSEPH MICHAEL',	'jfj5666',	'676872132'),
(25,	'GARCIA, ANAHY',	'fhg5543',	'224714200'),
(26,	'JIMENEZ, MICHELE L',	'mzr8988',	'721024013'),
(27,	'BEAMON, TAIJJANAYE D',	'tkz7140',	'083662973'),
(28,	'VAN HOUTEN, RON',	'VANBRR5WU2',	'007585895'),
(29,	'HAYES, LUCAS PATRICK',	'bwy5774',	'096858880'),
(30,	'TREJO BELTRAN, RICARDO',	'rjk9703',	'608988769'),
(31,	'NOVOTNY, PAYTON D',	'pcs8515',	'557498640'),
(32,	'LINE, JACOB R',	'jsd9845',	'913860920'),
(33,	'GEBRU, SARA TSEGAY',	'sgt9268',	'143317417'),
(34,	'KHAN, MUHAMMAD ROMAIL',	'mvp8279',	'190150336'),
(35,	'PHAM, DUNG THUY',	'ddd8118',	'161096942'),
(36,	'RAMIREZ, MIGUEL A',	'RAMIMA7BFG',	'164741309'),
(37,	'BINONIEMI, ALYSSA SADYRA',	'syv3714',	'849909452'),
(38,	'ANDERSON, BRANDY L',	'bcz1496',	'905568911'),
(39,	'ESPINOSA, CAITLYN M',	'cmd7027',	'494160248'),
(40,	'VEENKANT, DYLAN JAMES',	'dsg6370',	'537227896'),
(41,	'KELSH, DANIEL P',	'KELSDD21GS',	'555011434'),
(42,	'CATARELLO, VINCENT SAMUEL LEON',	'vyr5649',	'390391337'),
(43,	'XI, SHAOAN',	'sjm6954',	'113261102'),
(44,	'PLOEGER, RICHARD M',	'rys8506',	'782011866'),
(45,	'STITES, HANNAH',	'hds8443',	'233454180'),
(46,	'HASAN, MD SAKIBUR',	'mnn8242',	'252700065'),
(47,	'RAY, CAROLINE M',	'THOMCC3BTV',	'987890089'),
(48,	'PARKINSON, TEAGAN AILEEN',	'tpz5779',	'722725325'),
(49,	'MCLOCHLIN, SARAH LYNN',	'sdc5666',	'805257973'),
(50,	'BLICKLE, PETER',	'BLICPP3M1M',	'592775415'),
(51,	'JENSEN, PETER VALDEMAR',	'psk6019',	'816251731'),
(52,	'MERATI, CAMELIA ADAB',	'MERACC4VW7',	'309089126'),
(53,	'O\'NEILL, BOBBI J',	'brj4057',	'155613660'),
(54,	'SINGH, DORIS SONYA',	'xbb1774',	'821683674'),
(55,	'LAVERGNE, ALBERT',	'LAVEAAMRJC',	'211427060'),
(56,	'RODRIGUEZ, CAROLINE',	'cww4037',	'613150377'),
(57,	'ROLLS, ERLINDA S',	'ROLLESN2XY',	'766631088'),
(58,	'PETERS, ROBERT A',	'PETERA87RB',	'041130144'),
(59,	'WELCH, SABRINA',	'syw7816',	'908194317'),
(60,	'CLAUSSEN, LEE A',	'CLAULANKVL',	'777418325'),
(61,	'DAVIS, DENISE SHERON',	'dry4391',	'458945890'),
(62,	'GARLAND, NICHOLAS PATRICK',	'nmd7809',	'837355052'),
(63,	'ALQAHTANI, YASMEEN ALI S',	'yfy5451',	'341708704'),
(64,	'AYALA PEREZ, ANA M',	'cmp7721',	'916122430'),
(65,	'DU, YU',	'rex2229',	'229371699'),
(66,	'CARR, STEVEN M',	'sgw2413',	'924196479'),
(67,	'GORCZYCA, THOMAS W',	'GORCTT10QT',	'978787455'),
(68,	'CHEW, KAI WEN',	'kpt8283',	'558684895'),
(69,	'WILCOX, PATRICIA A',	'HARVPAUQIL',	'269659054'),
(70,	'ETSHIM, RACHAL',	'vwn3446',	'712320201'),
(71,	'AUSTIN, ALEXANDRA D',	'gbn8076',	'954025551'),
(72,	'BAUMANN, BRIANNA M',	'bwr7755',	'880732487'),
(73,	'ZHANG, WEI',	'wbm8645',	'414206612'),
(74,	'ROGOSCH, KAITLYN MARIE',	'krj7328',	'000599802'),
(75,	'MUSLEH, LAUREN G',	'ztv8215',	'558611312'),
(76,	'WAGNER, REID T',	'rbv8668',	'397738544'),
(77,	'CHAN, CELINE MAEY SHAN',	'cvw7482',	'031723647'),
(78,	'LAMBETH-WILLIAMS, TRINITY R',	'tvp3342',	'793394236'),
(79,	'BROWN, ROGER MARQUISE',	'rpb3242',	'024368706'),
(80,	'HUITEMA, BRADLEY E',	'HUITBE24NA',	'099487346'),
(81,	'PAGE, BRIANNA A',	'bjp8187',	'914465026'),
(82,	'GEISLER, JOHN S',	'GEISJSISMK',	'148472022'),
(83,	'MUZYUMBA, EMMANUEL BIN FARAY',	'fpz9093',	'624373847'),
(84,	'LINGLE, ASHLEY HOPE',	'ghm4472',	'016897526'),
(85,	'MOUAT, EMILY MICHELE',	'tbj8949',	'314925792'),
(86,	'BUSCH, CHARLTON S',	'cfc6816',	'530426665'),
(87,	'PIMENTEL SOTO, LOURDES MARIA',	'hyc3149',	'886360447'),
(88,	'RENDA, VINCENZO J',	'vgt9704',	'861516283'),
(89,	'ALYAQOUB, EITHAR ALI Y',	'bzn8000',	'954482499'),
(90,	'KIRKOLIS, RACHEL M',	'rkr7541',	'287404607'),
(91,	'BALUSHI, ASMA ALI SAID JASIM',	'knm8889',	'743305850'),
(92,	'MINER, MADISON R',	'msd7181',	'837480260'),
(93,	'ALREBH SR., ALI TAQI A',	'ydw7610',	'229555977'),
(94,	'SUSTAITA, ORACIO',	'mht9566',	'817659967'),
(95,	'ROMAN, SAMUEL JAMES',	'stv6525',	'662025308'),
(96,	'ZUNIGA, NAOMI',	'njs7172',	'179834250'),
(97,	'DJIMTIBAYE SR., OTALBAYE',	'dbp3242',	'629205400'),
(98,	'OBAID, KHADIJAH GHAZI A',	'khd4827',	'808006106'),
(99,	'SMITH, TANISHA LANA\'E',	'tfn3741',	'383250645'),
(100,	'VANDERWALL, RENA MARIE',	'LIVIRMN9U5',	'759082317'),
(101,	'MILLER, MICHAEL G',	'MILLMGZSRH',	'697258172'),
(102,	'WEBBER, CAROLINE B',	'WEBBCCZPQP',	'821278364'),
(103,	'GRAAL, MORGAN VIRGINIA',	'mfr5479',	'149306789'),
(104,	'VANEPPS, SHANE WILLIAM',	'sdk7172',	'260628181'),
(105,	'PALMER, ROSIE LASHAWN',	'rcd4851',	'002801954'),
(106,	'KOLLI, GIRIDHAR REDDY',	'ghd9619',	'626267450'),
(107,	'JUAREZ, FILIBERTO',	'fdn8411',	'128484801'),
(108,	'GANDY, BRYCE ROBERT',	'bcc5072',	'685890973'),
(109,	'LEFEVRE, EMILY LUCY',	'cpz7811',	'440400887'),
(110,	'HAN, WON SEOK',	'wyj8176',	'714053670'),
(111,	'HELTON, JAMES G',	'jfg8292',	'041958418'),
(112,	'ALFARWAN, ABDULLAH MANA M',	'npf9225',	'696649773'),
(113,	'SUNDARAM SHYAM, SURAJ',	'shf7009',	'183901575'),
(114,	'CORRIDOR, JANE E',	'jmz8733',	'504623483'),
(115,	'DAVIS, CHRISTOPHER RYAN',	'DAVICR4K6K',	'742819529'),
(116,	'HAGEMAN, TERRI L',	'HAGETLLS29',	'253036095'),
(117,	'TOMPSON, BECCA',	'bph9524',	'002022251'),
(118,	'CEKOLA, VICTOR J',	'CEKOVJ6XTX',	'088221215'),
(119,	'MEZA, NATALIA',	'nbd4110',	'873834482'),
(120,	'FERREIRA, JAMES M',	'FERRJMZ67H',	'806773767'),
(121,	'PFEIFER, SOPHIA R',	'stj8683',	'674566728'),
(122,	'KETTNER, STEPHEN L',	'KETTSLM4CO',	'026275588'),
(123,	'POSTELLI, NICHOLAS M',	'nzn1250',	'973902735'),
(124,	'LIMBACK, SIMON MATTHEW',	'sty4794',	'286328104'),
(125,	'AMANO, DAISUKE',	'dtc9773',	'457260049'),
(126,	'JACOB, JASON',	'jtd8479',	'977442014'),
(127,	'GERSHON, RICHARD A',	'GERSRAVRJH',	'199578780'),
(128,	'SPRICK, ROBERT W',	'SPRIRWU01T',	'120354467'),
(129,	'RAMBOW, GIANNA',	'gwc8256',	'186790375'),
(130,	'PURANIK, AMAN',	'rnh8209',	'695735897'),
(131,	'MCGILLEN, CONNOR WILLIAM',	'cfg8276',	'430932838'),
(132,	'ELDER, E R',	'ELDEERF42F',	'034233384'),
(133,	'SOULE, LISA K',	'SOULLKDQFW',	'768576322'),
(134,	'WABER, JAMES M',	'jhc8824',	'939653893'),
(135,	'LESNIAK, ADAM RICHARD',	'wwk6951',	'115361233'),
(136,	'SPITSBERGEN, JAKE BENNETT',	'jrp0161',	'292250386'),
(137,	'ZHU, QIJI',	'ZHUZQQ9OBI',	'006823189'),
(138,	'ZHU, QIJI',	'ZHUZQQ9OBI',	'006823189'),
(139,	'ZHU, QIJI',	'ZHUZQQ9OBI',	'006823189'),
(140,	'ALEXANDER, DONALD L',	'ALEXDLGPDT',	'795986524'),
(141,	'LEDUC, MATTHEW A',	'mdz8646',	'036174329'),
(142,	'JAIYEOBA, SIMEON O',	'xae2987',	'357379423'),
(143,	'HEINEMAN, MARK B',	'HEINMBXYW2',	'921668133'),
(144,	'ALEXANDER, DONALD L',	'ALEXDLGPDT',	'795986524'),
(145,	'WALSH, GEORGE T',	'ghw8401',	'989570391'),
(146,	'MANNING, LILLIAN D',	'MANNLD7N0V',	'762425579'),
(147,	'BENNETT, JAY DAVIS',	'jps5347',	'827841864'),
(148,	'KELLEY GENOVESE, AUSTIN MICHAEL',	'crm7001',	'293852150'),
(149,	'KELLY, ROBERT L',	'KELLRLW1BK',	'831531365'),
(150,	'SCHAUER, GARY',	'xay1839',	'062612817'),
(151,	'WILSON, CHARLES V',	'ccv7005',	'933025496'),
(152,	'DONKOR, DENNIS',	'djr7458',	'834982553'),
(153,	'REISH, JOSEPH G',	'REISJGG7JF',	'204707142'),
(154,	'MALOTT, RICHARD W',	'MALORW80SL',	'653807167'),
(155,	'MALOTT, RICHARD W',	'MALORW80SL',	'653807167'),
(156,	'MALOTT, RICHARD W',	'MALORW80SL',	'653807167'),
(157,	'LINGOSO SR., HERITIER',	'hcs1773',	'824951820'),
(158,	'MARSON, STEPHEN G',	'szm8245',	'023390216'),
(159,	'KATES, AARON WILSON',	'spn5012',	'445138155'),
(160,	'THURMAN, LETA A',	'THURLAF92U',	'897441057'),
(161,	'DODSON, TYLER',	'tjv8810',	'754446776'),
(162,	'BOSCO, JAMES J',	'BOSCJJI0UU',	'144227869'),
(163,	'RANDOLPH, KERRIA B',	'xae0221',	'618800575'),
(164,	'WITHINGTON, JORDAN LYNN',	'jbv6686',	'329993366'),
(165,	'BOWMAN, MARY EVELYN',	'mrj7229',	'443023800'),
(166,	'NORTHROP, THOMAS EARL',	'tmf9424',	'082048513'),
(167,	'WITHINGTON, TYLER D',	'tpy4365',	'698866144'),
(168,	'SHARMA, VISHVA B',	'SHARVBNLYD',	'092944266'),
(169,	'ARAVAMUTHAN, RAJA G',	'ARAVRG6EE7',	'565033480'),
(170,	'PAIGUDE, PRATHAMESH',	'pmj8133',	'456294534'),
(171,	'CAMPBELL, PATRICIA K',	'CAMPPKRZ20',	'152008825'),
(172,	'OUDING, DON R',	'xac5610',	'113642278'),
(173,	'SPITSBERGEN, JOHN M',	'SPITJMYITD',	'684754163'),
(174,	'TIDERINGTON, JAN G',	'TIDEJG8EFY',	'662826008'),
(175,	'LI, JING XUN',	'jcw8458',	'321667665'),
(176,	'COOLEY, BREANA M',	'bvy4921',	'570502258'),
(177,	'KENDOM, ALBERTA ATIOP',	'vcp6788',	'185765500'),
(178,	'AL  HARTHI, HASANAA SAID HAMED SAID',	'hsc5733',	'009831655'),
(179,	'LIGHT, MARY L',	'LIGHML26ZX',	'052447904'),
(180,	'TASENDE, MERCEDES',	'TASEMMXZX6',	'749300765'),
(181,	'BEAR, SARAH NICOLE',	'ssw4118',	'527404929'),
(182,	'NAABI, HAMED SALIM MOHAMMED',	'hnk4173',	'234941245'),
(183,	'DALEY, NATHAN FREDERICK',	'nfs8785',	'318160542'),
(184,	'PINON, MARISSA MARIE',	'mbc4107',	'280846063'),
(185,	'LIM, AMANDA SHAE NA',	'gff9022',	'310608057'),
(186,	'WIBOWO, HERLIK',	'htg3102',	'700479652'),
(187,	'CHAPMAN, ERIN KELLY',	'ywd6754',	'878705930'),
(188,	'BARNES, MARIAH CAPRI',	'mdz7979',	'944011528'),
(189,	'WIESSNER, CARI LYNN',	'cmm6987',	'569663198'),
(190,	'FELTZER, ABIGAIL M',	'jdd8150',	'058279322'),
(191,	'RODRIGUEZ, MARIA ALEJANDRA',	'mzg7436',	'246812710'),
(192,	'WALINDER, ANNE M',	'fdk8453',	'493055305'),
(193,	'STARK, ANASTASIA KATHERINE',	'bkw7612',	'670926669'),
(194,	'LONGSTRETH, SAMUEL JOHN',	'sbd6243',	'173438336'),
(195,	'PERRY, JACOB RANDANPEMO',	'jzk6022',	'974803633'),
(196,	'WHITTON, SARAH ANN',	'snd6617',	'659144234'),
(197,	'LUNN, BRIAN DAVID',	'bbz8929',	'397079099'),
(198,	'SHIREY, APRIL LYNN',	'gzs9922',	'378160932'),
(199,	'WARSTLER, RACHEL OLIVIA',	'rts6715',	'137414604'),
(200,	'VALENTON, CHRISTIAN ETHAN',	'chp8599',	'881521156'),
(201,	'PETERSON, JANE A',	'jbp7980',	'926408836'),
(202,	'SAUCK, WILLIAM A',	'SAUCWADYY2',	'564856641'),
(203,	'MILES, ANN M',	'MILEAA5Z1C',	'659996566'),
(204,	'ELLIOTT, MERVYN J',	'ELLIMJRISC',	'888245377'),
(205,	'BARNETT, CHARLES GLYNN',	'cjy7054',	'197341414'),
(206,	'REISH, JOSEPH G',	'REISJGG7JF',	'204707142'),
(207,	'QUANDT, ELDOR C',	'QUANEC2C2K',	'210542866'),
(208,	'FRALEY, MIRANDA JOY',	'mgc7925',	'126915193'),
(209,	'ZERBINOPOULOS, NICOLAS A',	'nhh8629',	'616032689'),
(210,	'NAZARI, MUSTAFA',	'mwy8851',	'857544496'),
(211,	'COURTER, SHANE M',	'sgz8205',	'708623261'),
(212,	'SABER, MOHAMMED OMAR O',	'mcr4688',	'568910693'),
(213,	'WANG, XIAOLING',	'phn9298',	'782115129'),
(214,	'BIBLER, STEVEN D',	'ssg4584',	'967766206'),
(215,	'MCGURN, MARIA H',	'MCGUMHJFB3',	'761502721'),
(216,	'TSUZAKI, TAKARA',	'tvy7394',	'975842728'),
(217,	'HALLER, MORDECHAI A Y',	'mwz0571',	'655966367'),
(218,	'HOGGARD, JOSEPH ARNETT CLEON',	'jpn1728',	'666761337'),
(219,	'DAWSON, NICOLE M',	'ntc8087',	'335792917'),
(220,	'GAGNON, HALEY ANN',	'hhw8471',	'224508921'),
(221,	'SHARMA, VISHVA B',	'SHARVBNLYD',	'092944266'),
(222,	'TOMPKINS, BEVERLY REGINA',	'bmm4815',	'176458832'),
(223,	'CHISM, ALEXIS JAILEEN',	'csg6901',	'325270318'),
(224,	'GLATZ, JASON M',	'GLATJMEEK5',	'766807926'),
(225,	'CHAMLAGAI, ABI NARAYAN',	'cbc0343',	'224520661'),
(226,	'MANSARAY, KURTRICE SHARLYNN',	'kkj9078',	'699660060'),
(227,	'PARKINSON, TEAGAN AILEEN',	'tpz5779',	'722725325'),
(228,	'PALFFY, NATASHA ROSE',	'ndp8494',	'646375582'),
(229,	'HOAG, ANNALICIA N',	'tzy8247',	'712992634'),
(230,	'DEYOUNG, RONALD',	'DEYORRQ4ZQ',	'084282823'),
(231,	'LAURENTIUS, ABBIGALE ROSE',	'mbs6944',	'805796220'),
(232,	'WOOD, LINNEA KARIN',	'mvj6512',	'625367796'),
(233,	'REISH, JOSEPH G',	'REISJGG7JF',	'204707142'),
(234,	'BANDA JR, SANTIAGO',	'sby4169',	'035694196'),
(235,	'HAYES, SARA G',	'sbn6039',	'066376557'),
(236,	'VILLADSEN, KEVIN L',	'VILLKLUMLO',	'880516043'),
(237,	'SOMMER, ANGELICA JUSTINE',	'ngs6207',	'469925436'),
(238,	'PALMER, TIMOTHY B',	'PALMTBDC1Z',	'877281293'),
(239,	'DARLING, DENNIS E',	'DARLDELSO1',	'773527841'),
(240,	'PLINE, JESSE',	'jgc8095',	'311919517'),
(241,	'FLANAGAN, DAVID J',	'FLANDJ9OV3',	'104792542'),
(242,	'SHEEHAN, CALEB WESLEY',	'cgb6344',	'723285522'),
(243,	'UPCHURCH, DON J',	'UPCHDJRNQJ',	'829853248'),
(244,	'REISH, JOSEPH G',	'REISJGG7JF',	'204707142'),
(245,	'OLSON, EMMA C',	'rzy8263',	'023972362'),
(246,	'KERRIGAN, SEAN GERALD',	'skj4791',	'446338626'),
(247,	'STEARN, RILEY L',	'rdj8287',	'358376802'),
(248,	'GEISLER, JOHN S',	'GEISJSISMK',	'148472022'),
(249,	'GEISLER, JOHN S',	'GEISJSISMK',	'148472022'),
(250,	'ZHU, XIMEI',	'jps9276',	'755235444'),
(251,	'WYAND, MATTHEW M',	'mjk7955',	'608045209'),
(252,	'KUNELI, STEVEN J',	'sbz9512',	'877837193'),
(253,	'CUELLO THEN, SCONY INDABELL',	'ssk7319',	'965438845'),
(254,	'BERGMAN, SARAH R',	'sfw8177',	'738405969'),
(255,	'ALHUTHLUL, MOHAMMED ABDULAZIZ A',	'mhp3810',	'278561368'),
(256,	'PIPER, TACEY LEE',	'twc5609',	'427070791'),
(257,	'BERRY, TAYLOR L',	'trt0103',	'938224957'),
(258,	'TEKKAM, SUMADHURIMA',	'skb8321',	'160971732'),
(259,	'INTIKHAB, AHSAN',	'rsv7893',	'010775210'),
(260,	'KRUEGEL, RYAN C',	'rrz7349',	'135300257'),
(261,	'BLASCO LANTIGUA, ANA BELEN',	'hkm8905',	'796888376'),
(262,	'RONSUMBRE, DEKY RECHY',	'dvz6099',	'842954579'),
(263,	'MONIM, ANNA MARIA CATERINA',	'bgj6756',	'332719548'),
(264,	NULL,	'bth9055',	'765492161'),
(265,	'GEISLER, JOHN S',	'GEISJSISMK',	'148472022'),
(266,	'BHATT, KHUSHI JAYESHBHAI',	'ktg5994',	'680379250'),
(267,	'RECIO SANTAMARIA, LARA',	'hzk8203',	'560453299'),
(268,	'CODER, DEBORAH M',	'CODEDMVUMZ',	'807834809'),
(269,	'DARLING, GRACE ANN',	'gph7996',	'238095923'),
(270,	'KANE, COOPER L',	'cgt8541',	'437601127'),
(271,	'GORDON, SASHA VIRGINIA',	'sbc9109',	'532719091'),
(272,	'GARZA, MAKENZIE LYNN',	'mdn6181',	'769720869'),
(273,	'SKLENA, KATHRYN E',	'kcn8390',	'152586675'),
(274,	'MYINT, SAI',	'szv9846',	'782417174'),
(275,	'WINTERS-BROWN, JOSHUA D',	'jmb8687',	'289409202'),
(276,	'MURPHY, ANNA M',	'MURPAM651F',	'945541536'),
(277,	'BERNHARD, BRIGETTA E',	'bhs7925',	'412460166'),
(278,	'THOMAS, DREW A',	'dgs7799',	'715969236'),
(279,	'RAWAL, ANUBHAV',	'mcg9062',	'406985854'),
(280,	'BUSH, CHARLES S',	'cdm7592',	'630253466'),
(281,	'MARTIN, NINA C',	'nmm7895',	'766265372'),
(282,	'MESSOCK, TYLER T',	'tcr8572',	'922776509'),
(283,	'EMIL, MUSTAFA KEMAL',	'mpp0086',	'272444302'),
(284,	'ZHANG, TONG',	'tzs9368',	'815007360'),
(285,	'MORRIS, JENNA RAE M',	'jfz5660',	'571372235'),
(286,	'OLIVER, ELIZABETH ANN',	'hpk7941',	'349785223'),
(287,	'IKEMEH, CHRISTIANA EMIKE',	'cmf8671',	'497903565'),
(288,	'MCEVOY, KELLY MARIE',	'kzp6749',	'851671360'),
(289,	'AL RAMEL, SUKINAH ALI M',	'sdc1401',	'785369341'),
(290,	'DOVE, LINDA',	'DOVELLAHYL',	'911234570'),
(291,	'WALLACE, ROBERT',	'reg5947',	'547882488'),
(292,	'FUSSMAN, HANNA MARIE',	'hck5089',	'792577123'),
(293,	'HARDING, SYDNEY JILLIAN',	'syp7087',	'155784016'),
(294,	'FRYE, JACOB D',	'jph8453',	'485930075'),
(295,	'SMITH, THOMAS E',	'tft4046',	'789968425'),
(296,	'ARNOLDI, RYAN JOSEPH',	'rfr5888',	'746745887'),
(297,	'GORDON, GIANNA LYN',	'gkm6611',	'989127674'),
(298,	'SUENDER, KATHERINE',	'kfc9815',	'237749977'),
(299,	'BATBOLD, KHONGORZUL',	'kmy6767',	'878094106'),
(300,	'AILES, CHAD E',	'cyb6066',	'201961206'),
(301,	'YAMFU, JEREMIE ILUNGA',	'tjj7877',	'111478488'),
(302,	'REISH, JOSEPH G',	'REISJGG7JF',	'204707142'),
(303,	'BAIRD, LON E',	'BAIRLEFK7I',	'766277401'),
(304,	'HONJO, JIMPACHI',	'jhp9953',	'840295486'),
(305,	'STEVENSON, LEO J',	'STEVLJ5YYI',	'165271824'),
(306,	'TSIRIBAS, KONSTANTINOS GEORGE',	'kfr5254',	'460773659'),
(307,	'KOEHN-HERPST, EDWINA',	'ykg9268',	'428788804'),
(308,	'PAGAWAK, TOMAS',	'thz6159',	'184704461'),
(309,	'HERNANDEZ DE ALVAREZ, FANNY JEANNETTE',	'fpg5035',	'823118818'),
(310,	'ERAN, LISTIANI ASRIN',	'ngp3928',	'985214008'),
(311,	'KASSENDA, ANAIA',	'pzr9388',	'753290201'),
(312,	'OVERSTREET, JACK',	'jwd8587',	'530618960'),
(313,	'PELLETIER, PHYLLIS GRACE',	'pkm4594',	'354403772'),
(314,	'HAGEMAN, TERRI L',	'HAGETLLS29',	'253036095'),
(315,	'ALEXANDER, DANE C',	'ALEXDC6VHN',	'086931701'),
(316,	'CEKOLA, VICTOR J',	'CEKOVJ6XTX',	'088221215'),
(317,	'WINTERS, RANDI C',	'rcp7577',	'402306706'),
(318,	'SCHIPMAN, EMILY A',	'mzk3764',	'311475553'),
(319,	'GOLHAR, DAMODAR Y',	'GOLHDY2KEI',	'537800121'),
(320,	'EIS, GEOFFREY',	'gdm0342',	'922891508'),
(321,	'LOGAN, GENESIS KAYSA',	'ght9267',	'098400055'),
(322,	'ALSAGHIR, IBRAHIM FAHAD I',	'bvd8972',	'530921018'),
(323,	'ALANAZI, ABDULRAHMAN MATAR Z',	'fjr7165',	'711194555'),
(324,	'MROCZEK, RENAE ADELAIDE',	'rdz4208',	'413571599'),
(325,	'MUTOMBO, PATRICK',	'pdf9267',	'212285019'),
(326,	'WEIBERG, JUSTIN MARK',	'jkb6754',	'649189566'),
(327,	'WHITMAN, DALTON MICHAEL',	'djh6232',	'475407473'),
(328,	'WANDERS, SAMANTHA KRISTIE',	'sbg5337',	'952160386'),
(329,	'PALMER, TIMOTHY B',	'PALMTBDC1Z',	'877281293'),
(330,	'HAYNES, RICHARD',	'HAYNRRRXXP',	'243309899'),
(331,	'NAFTEL, BRUCE',	'NAFTBBG5OV',	'197810389'),
(332,	'ASEFA, SISAY',	'ASEFSS4P2B',	'197633541'),
(333,	'ALSAEDI, HATEM HAMMAD M',	'hmy6979',	'119480182'),
(334,	'RICHBERG, DAWN',	'dcn9065',	'674367939'),
(335,	'LOEFFLER, ERIKA',	'LOEFEEJJR6',	'074199229'),
(336,	'FINKLEA, PAIGE LA\'NAE ROBYN',	'pcz8429',	'869039099'),
(337,	'BOUABDELLAOUI, CAROL',	'xad5921',	'870215424'),
(338,	'LIGHT, MARY L',	'LIGHML26ZX',	'052447904'),
(339,	'TIESMAN, TYLER',	'tyv9024',	'290978816'),
(340,	'MORRIS, JOSHUA SIDNEY',	'jmh7828',	'088813283'),
(341,	'ROOK, KIMI NICOLE',	'kvh7672',	'698988875'),
(342,	'ALHAWAMDEH SR., BILAL MAHMOUD HAMMAD',	'byz6845',	'541921265'),
(343,	'KARLOV, SERENA R',	'srt7025',	'135653935'),
(344,	'MYENO, MARY',	'msd1497',	'072298838'),
(345,	'REED, SHANDREA M',	'sdn3108',	'092068749'),
(346,	'PAUL, KAREN DENISE',	'krw0999',	'604122567'),
(347,	'JAMES, BRADY ANDREW',	'bcy4249',	'793954438'),
(348,	'JENKINS, IAN PALMER',	'ckh6811',	'364351955'),
(349,	'GEMBE, HECTOR',	'hyf5695',	'004673613'),
(350,	'STEVENS, SARAH LORRAINE',	'syg6229',	'380267554'),
(351,	'CHUNG, SUNG G',	'CHUNSGTF5Q',	'163326586'),
(352,	'TABER, LUKE THOMAS DONOVAN',	'snv5678',	'969291914'),
(353,	'CURRY II, TIMOTHY DEVON',	'tym7953',	'758031488'),
(354,	'GOMEZ, ELIZABETH ZOE',	'vfk8590',	'947534101'),
(355,	'PRESTON, AMBER NICOLE',	'fdk4165',	'470086819'),
(356,	'NALLON, MICHAEL R',	'mwk7135',	'527155747'),
(357,	'LOEFFLER, ERIKA',	'LOEFEEJJR6',	'074199229'),
(358,	'CAMPBELL, MARIAH NICHELLE',	'mkj6759',	'922510626'),
(359,	'MAGESWARAN, NARENDERAN',	'nvb8839',	'932981598'),
(360,	'GULLICKSON, ARLEN R',	'GULLARDYAS',	'556014647'),
(361,	'KUMBASAR, REVNA',	'rnd7290',	'566060546'),
(362,	'MILBURN, ADAM SCOTT',	'ytd6484',	'180054992'),
(363,	'BATES-HILL, RUTH MARIE',	'rtr5763',	'341178185'),
(364,	'DZIEPAK, CALEB ANDREW',	'cwf8833',	'753916251'),
(365,	'BARCELONA, MICHAEL J',	'BARCMJ4QU1',	'983915810'),
(366,	'WHITE, KEVIN',	'khb8898',	'833317416'),
(367,	'SYAZANIA, FIRZANA',	'ftp9125',	'783883522'),
(368,	'KORBEL, HANNAH RENEE',	'hzn7308',	'610874649'),
(369,	'SCHEU, TIM F',	'SCHETFOI22',	'535147525'),
(370,	'LOPEZ SALVATIERRA, SUSELY B',	'scc7380',	'082351513'),
(371,	'STANDISH, SUSAN A',	'STANSABTU0',	'666185961'),
(372,	'KRIZMANICH, CONSTANCE J',	'cnz8819',	'744949043'),
(373,	'MILLER, FELIPE C',	'fnb7478',	'755654976'),
(374,	'MUELLER, NATALIE TAYLOR',	'nhk3899',	'191578039'),
(375,	'MCNULTY, MARY KATHLEEN',	'mtp9048',	'234898588'),
(376,	'DEANDA, BRANDI J',	'bvp3694',	'374688748'),
(377,	'OTT SR., AVA MAE',	'kbv9619',	'224413394'),
(378,	'HEMPEL, ALEXA N',	'fbt9759',	'911613631'),
(379,	'PAUL, CEMONE E',	'cvm9163',	'463928336'),
(380,	'FOSTER, AARON N',	'kdr7601',	'054963263'),
(381,	'BOSCHELLI, MICHAEL A',	'mmc7768',	'691388479'),
(382,	'LUDWIG, BRENDAN MICHAEL',	'bpd5685',	'462365210'),
(383,	'PRITCHARD, BENJAMIN WILLIAM',	'bpb9356',	'981038178'),
(384,	'COLEMAN-ROBINSON, RODNEY JAREN',	'rph6468',	'016684511'),
(385,	'SOTO, LEVI',	'bgw0792',	'222627057'),
(386,	'MCCUE, MORGAN',	'mbt9616',	'835520809'),
(387,	'WHITAKER, JORDAN THOMAS',	'jtg1853',	'827228794'),
(388,	'BEADLESCOMB, MIRANDA L',	'mdm7248',	'426253688'),
(389,	'MAYR, URSULA MARLIES',	'xae0041',	'338216093'),
(390,	'SNOW, SAMUEL W',	'sft5138',	'159158191'),
(391,	'KULSOOM, BEENISH',	'bcs1179',	'457810032'),
(392,	'ALEXANDER, DANE C',	'ALEXDC6VHN',	'086931701'),
(393,	'DAVENPORT, MICHAEL D',	'mbk1484',	'859568569'),
(394,	'MENDOZA GUARDIA, CLAUDIO',	'ccs2021',	'920107200'),
(395,	'ROBINSON, CHRISTINE',	'cgc8576',	'426891475'),
(396,	'ALNAHDI, SALEH ABDULRAHMAN S',	'ssd6160',	'516788030'),
(397,	'URDAPILLETA ROJAS, LAURA MARIA',	'pbj2766',	'260839950'),
(398,	'SALO, ROGER',	'rch5469',	'049716185'),
(399,	'MALOTT, RICHARD W',	'MALORW80SL',	'653807167'),
(400,	'TALAFHA, AHMAD MAHMOUD ABDELHAMID',	'cdw6055',	'787456491'),
(401,	'LEE, HENRY',	'hrp9311',	'242878330'),
(402,	'CASSIDY, DANIEL P',	'CASSDPR8I6',	'058313302'),
(403,	'ROURKE, KATRINA MEGHAN',	'krn5520',	'820871523'),
(404,	'MPOULKOURA, SOULTANA M',	'sns6211',	'436554300'),
(405,	'ANDERSON, DEWAYNE',	'ANDEDD12U2',	'017433585'),
(406,	'AGARWAL, SHIVA',	'snh9977',	'426438256'),
(407,	'JOHNSTON, ANGELA RAE',	'jkw6420',	'937365189'),
(408,	'ENOCH, JASON NATHANAEL',	'jhm7908',	'421957898'),
(409,	'ALMEHMADY, YASSER SOLYMAN S',	'ymd3574',	'336888884'),
(410,	'BOSCO, JAMES J',	'BOSCJJI0UU',	'144227869'),
(411,	'POWE, MASON JEVON',	'mts5815',	'408856278'),
(412,	'CENTER JR, JOHN G',	'jpv0183',	'082297400'),
(413,	'STINSON, LUCINDA M',	'xam3205',	'216557908'),
(414,	'PETERSON, RONALD',	'PETERMR4WD',	'596415470'),
(415,	'BOYD, ALEXANDER DOUGLAS',	'nnp4783',	'936465526'),
(416,	'GOLIKE, DOUGLAS ALAN',	'dgr6006',	'348561569'),
(417,	'O\'REILLY, KELLEY A',	'kbh0822',	'081590045'),
(418,	'MLOTSHWA, FAKAZI FUBELA',	'fft7710',	'379317505'),
(419,	'GAMBRELL, GYASI GENEVA',	'gwj5924',	'026631456'),
(420,	'MURPHY, RAYMOND',	'MURPRR7LP1',	'935461658'),
(421,	'GOLHAR, DAMODAR Y',	'GOLHDY2KEI',	'537800121'),
(422,	'PALMITESSA, JAMES R',	'PALMJRU5ZP',	'937760571'),
(423,	'MURPHY, RAYMOND',	'MURPRR7LP1',	'935461658'),
(424,	'GOLIKE, IRENE ANN',	'xad0573',	'205952755'),
(425,	'GILL, ASGHAR PERVAIZ',	'zsm6449',	'207642032'),
(426,	'WHITFIELD, KIMBERLY M',	'kfg5146',	'930563950'),
(427,	'SHARMA, VISHVA B',	'SHARVBNLYD',	'092944266'),
(428,	'PETRO, JOHN W',	'petro',	'149356224'),
(429,	'TEVIOTDALE, ELIZABETH C',	'eteviotd',	'140919537'),
(430,	'COPIJA, EVA A',	'kym8997',	'179234162'),
(431,	'BOSCO, JAMES J',	'bosco',	'144227869'),
(432,	'FLYNN, ERIN C',	'yft9304',	'347037097'),
(433,	'FUQUA, RICHARD W',	'fuqua',	'768753161'),
(434,	'BUCHANAN, JUDITH A',	'xag1595',	'028913961'),
(435,	'FORSLEFF, LOUISE S',	'forsleff',	'745056605'),
(436,	'SHARMA, VISHVA B',	'sharmav',	'092944266'),
(437,	'ZHANG, PING',	'zhang',	'958627693'),
(438,	'WILSON, BRIAN L',	'wilson',	'065180382'),
(439,	'MCDANIEL, ALEXANDER SILAS',	'dsb9200',	'561522060'),
(440,	'MCGURN, ARTHUR R',	'mcgurn',	'183486345'),
(441,	'PANTH, RAJENDRA',	'rwn9378',	'863918469'),
(442,	'HIGGINS, ERIC B',	'vgk9914',	'144912985'),
(443,	'POUDEL, SEEZAN',	'sbb9782',	'635212710'),
(444,	'POPP, REBECCA S',	'rpopp',	'068717184'),
(445,	'KERN, ALLAN',	'kerna',	'947840453'),
(446,	'SARAVANAN, MAHESA',	'mjm8184',	'107617688'),
(447,	'BRODHAGEN, DANIELLE MARIE',	'dnh8409',	'868788671'),
(448,	'STARK, JUSTIN DANIEL',	'jvj5864',	'336860448'),
(449,	'ALKURAYDIS, FAISAL SAAD S',	'fkb9581',	'190283274'),
(450,	'ALQARNI, SALEH GHETHAN S',	'sdm9602',	'418885766'),
(451,	'ALKURAYDIS, SALWA SAAD S',	'snw9164',	'119370435'),
(452,	'BUTTON, ZACHARY MICHAEL',	'zkn5245',	'551691369'),
(453,	'CEKOLA, VICTOR J',	'vcekola',	'088221215'),
(454,	'GIULIANO, PAIGE CATHERINE',	'pmv6170',	'151738646'),
(455,	'PINCENTI, ASHLEY MARIE',	'vgh4212',	'355140815'),
(456,	'XU, PEIXIN',	'pbk9832',	'633495949'),
(457,	'ENGMAN, JENNA ROSE',	'jph9794',	'169140065'),
(458,	'MANOHARAN, JIIVAN',	'jvc9641',	'764961643'),
(459,	'WEBER, CHRIS JAMES',	'cweber',	'205466130'),
(460,	'WEBBER, CAROLINE B',	'cwebber',	'821278364'),
(461,	'MOHAMED, KARIM MOKHLES HOSSNI',	'kcm8703',	'386796410'),
(462,	'DOEHRER, SOPHIA BELLE',	'ssc8158',	'569752237'),
(463,	'VOIGTMANN, LISA',	'nys9081',	'421007844'),
(464,	'FERRARA, KAREN',	'ferrara',	'089407463'),
(465,	'SINCLAIR, GILBERT A',	'sinclair',	'866847734'),
(466,	'MALEY, DANIEL D',	'dwk7843',	'615619645'),
(467,	'EISENHART, KIRSTY J',	'keisenha',	'702968689'),
(468,	'WARNER, KEVIN',	'kvh9158',	'823495685'),
(469,	'APKER, JULIE',	'japker',	'649209320'),
(470,	NULL,	'fnz7957',	'063525167'),
(471,	'CAVALCANTE DE VASCONCELOS LIMA, CAROL',	'cwp0761',	'565994692'),
(472,	'HONSBERGER, DEAN K',	'honsberg',	'822866209'),
(473,	'UKEY, AKSHAY SUDHAKAR',	'vrm7950',	'965409164'),
(474,	'BROWNING, CHRISTINE',	'browning',	'127958587'),
(475,	'BUDD, KATHLEEN M',	'kgh6763',	'437814131'),
(476,	'BUSS, ANNA A',	'xap5474',	'435808583'),
(477,	'HOOVER, TAMALA MARIE',	'tmz6274',	'732938147'),
(478,	'MOLLAH, MD HARUN OR RASHID',	'mzm5035',	'283196618'),
(479,	'SIMPSON, MARY E',	'mfc6006',	'545030803'),
(480,	'ROHRER, LAUREN N',	'kcp7295',	'233976970'),
(481,	'GORDON, HAILEY A',	'hfm8922',	'260937962'),
(482,	'DOSHI, JAY J',	'jmv9243',	'553232534'),
(483,	'LOKESH, LIKITHA',	'gcm8544',	'866209652'),
(484,	'NICOLAI, DOMINIC M',	'nicolai',	'033526022'),
(485,	'HAUSCHILD, GRACE K',	'gbv8701',	'043373138'),
(486,	'VUE, NICHOLIS S',	'nwv7223',	'232156940'),
(487,	'SETTY, MATTHEW ALAN',	'm5setty',	'953554689'),
(488,	'ALQARNI, NASEEM SALEH G',	'nwy8728',	'619974790'),
(489,	'PEDOTTO, NICHOLAS R',	'njp8098',	'165849670'),
(490,	'AMARANTE LAPAIX SR., ALEJANDRO GABRIEL',	'gny7940',	'125949688'),
(491,	'MAKHMUDOVA, KAMOLA KOMILJON KIZI',	'kwg9987',	'058080532'),
(492,	'CODER, DEBORAH M',	'dcoder',	'807834809'),
(493,	'CHUNG, SANGYEON',	'stz9139',	'291030443'),
(494,	'MURRAY, WILLIE T',	'murrays',	'111866145'),
(495,	'AMBROSE, ROBERT JOSEPH JOSEPH',	'rff8494',	'874624395'),
(496,	'ANSTEAD, JORDAN N',	'jgn7604',	'936282195'),
(497,	'ZAREMSKI, EMILY ANN',	'njf4819',	'514171605'),
(498,	'MAULDIN III, BENJAMIN L',	'bgz8576',	'802878983'),
(499,	'ENRIQUEZ, ASHLEY J',	'dhc7470',	'497188477'),
(500,	'LONG, MAKAYLA ROSE',	'mcy5075',	'675103732'),
(501,	'AMSBURY, PAIGE N',	'ppm7239',	'946538918'),
(502,	'KOSTRZEWA, THOMAS K',	'kostrzewa',	'745940800'),
(503,	'ALMUTAIRI, MAJED MARZOUQ N',	'mhz5075',	'557807183'),
(504,	'SPENRATH, JACOB',	'jdc8088',	'453288259'),
(505,	'PAYNE, DARRIAN ALEXANDRA',	'dfr5928',	'805081133'),
(506,	'WARREN, SAMUEL K',	'sgz9682',	'490100651'),
(507,	'WARREN, SAMUEL K',	'sgz9682',	'490100651'),
(508,	'WARREN, SAMUEL K',	'sgz9682',	'490100651'),
(509,	'HAGOOD, ANNA M',	'ggr8112',	'967819079'),
(510,	'VAINNER, LYNDSAY MICHELLE',	'l6vainne',	'700663276'),
(511,	'TOMLINSON, DAVID LENYOLOI',	'dvj7683',	'009670272'),
(512,	'SOOY, GORDON ALEXANDER',	'gkg7910',	'001225858'),
(513,	'ALZEKRI, SAMIR YEHYA ABED ALKAREEM',	'sfy2977',	'862656154'),
(514,	'NEAMAH, ALI IBRAHIM NEAMAH',	'gnf2562',	'005814723'),
(515,	'BUTTEPATIL, VIRENDRASINH AMAR',	'vhk8627',	'533396779'),
(516,	'OSTERHOUSE, SARA JOY',	'syh3289',	'007996163'),
(517,	'GOULD-MCELHONE, LEONA',	'syw6444',	'223712529'),
(518,	'NYAMANZI, SIBUSISIWE MICHELLE',	'szr2502',	'727321925'),
(519,	'DICKEY, BRYCE',	'dickey',	'006115829'),
(520,	'DEY, SUSMITA',	'scc9272',	'847192249');

DROP TABLE IF EXISTS `groupRoles`;
CREATE TABLE `groupRoles` (
  `groupID` int(11) DEFAULT NULL,
  `emailList` varchar(255) DEFAULT NULL,
  `groupName` varchar(255) DEFAULT NULL
) ENGINE=InnoDB DEFAULT CHARSET=latin1;

INSERT INTO `groupRoles` (`groupID`, `emailList`, `groupName`) VALUES
(0,	'oit-hd-students@wmich.edu',	'helpdesk-stu'),
(1,	'oit-lab-students@wmich.edu',	'labs-stu'),
(2,	'oit-sw-students@wmich.edu',	'call-stu'),
(3,	'oit-ct-students@wmich.edu',	'classtech');

DROP TABLE IF EXISTS `legacyRecords`;
CREATE TABLE `legacyRecords` (
  `cosID` int(11) DEFAULT NULL,
  `empyID` int(11) DEFAULT NULL,
  `location` int(11) DEFAULT NULL,
  `date` timestamp NULL DEFAULT NULL
) ENGINE=InnoDB DEFAULT CHARSET=latin1;

INSERT INTO `legacyRecords` (`cosID`, `empyID`, `location`, `date`) VALUES
(9,	3,	5,	'2019-09-16 18:45:49'),
(10,	22,	0,	'2019-09-16 18:58:10'),
(11,	22,	0,	'2019-09-16 19:13:36'),
(12,	22,	0,	'2019-09-16 19:44:07'),
(13,	21,	0,	'2019-09-16 21:20:45'),
(14,	31,	0,	'2019-09-17 10:44:50'),
(15,	31,	0,	'2019-09-17 11:32:47'),
(16,	22,	0,	'2019-09-20 09:56:58'),
(17,	21,	0,	'2019-09-20 12:32:24'),
(18,	21,	0,	'2019-09-20 15:31:35'),
(19,	19,	0,	'2019-09-22 12:29:14'),
(20,	19,	0,	'2019-09-22 12:58:53'),
(21,	19,	0,	'2019-09-22 14:59:31'),
(22,	19,	0,	'2019-09-22 15:15:30'),
(23,	23,	0,	'2019-09-22 20:17:33'),
(24,	23,	0,	'2019-09-22 21:15:18'),
(25,	22,	0,	'2019-09-22 21:51:41'),
(26,	28,	0,	'2019-09-23 11:28:57'),
(27,	28,	0,	'2019-09-23 14:30:26'),
(28,	28,	0,	'2019-09-23 15:06:09'),
(29,	17,	0,	'2019-09-23 15:12:25'),
(30,	17,	0,	'2019-09-23 16:25:13'),
(31,	21,	0,	'2019-09-23 16:26:36'),
(32,	21,	0,	'2019-09-23 16:40:07'),
(33,	21,	0,	'2019-09-23 17:49:43'),
(34,	21,	0,	'2019-09-23 20:21:42'),
(35,	31,	0,	'2019-09-24 09:34:13'),
(36,	31,	0,	'2019-09-24 10:37:49'),
(37,	31,	0,	'2019-09-24 11:07:29'),
(38,	19,	0,	'2019-09-24 14:12:06'),
(39,	19,	0,	'2019-09-24 14:16:35'),
(40,	29,	0,	'2019-09-24 14:20:15'),
(41,	19,	0,	'2019-09-24 16:09:25'),
(37,	29,	0,	'2019-09-24 16:26:22'),
(42,	19,	0,	'2019-09-24 16:26:23'),
(43,	27,	0,	'2019-09-24 16:31:04'),
(44,	27,	0,	'2019-09-24 16:32:44'),
(45,	23,	0,	'2019-09-25 12:17:39'),
(46,	17,	0,	'2019-09-25 13:02:59'),
(47,	17,	0,	'2019-09-25 15:43:36'),
(48,	17,	0,	'2019-09-25 19:38:51'),
(49,	19,	1,	'2019-09-25 20:40:12'),
(50,	22,	0,	'2019-09-25 21:17:30'),
(51,	24,	0,	'2019-09-26 10:07:05'),
(52,	24,	0,	'2019-09-26 11:08:24'),
(53,	24,	0,	'2019-09-26 12:24:55'),
(54,	24,	0,	'2019-09-26 13:09:32'),
(55,	24,	0,	'2019-09-26 13:22:01'),
(56,	24,	0,	'2019-09-26 13:51:21'),
(57,	29,	0,	'2019-09-26 14:36:56'),
(58,	29,	0,	'2019-09-26 15:43:10'),
(33,	23,	0,	'2019-09-26 17:12:08'),
(59,	19,	7,	'2019-09-26 19:10:30'),
(60,	23,	0,	'2019-09-27 12:08:48'),
(61,	17,	0,	'2019-09-27 13:15:41'),
(46,	17,	0,	'2019-09-27 13:46:45'),
(62,	21,	0,	'2019-09-27 14:22:57'),
(63,	21,	0,	'2019-09-27 15:14:45'),
(64,	19,	0,	'2019-09-29 12:06:19'),
(65,	28,	0,	'2019-09-30 08:47:28'),
(66,	22,	0,	'2019-09-30 10:52:18'),
(67,	28,	0,	'2019-09-30 10:59:19'),
(68,	33,	0,	'2019-09-30 12:06:13'),
(69,	28,	0,	'2019-09-30 13:49:32'),
(70,	21,	0,	'2019-09-30 15:11:46'),
(71,	17,	0,	'2019-09-30 16:16:40'),
(72,	21,	0,	'2019-09-30 16:53:01'),
(73,	21,	0,	'2019-09-30 18:51:34'),
(74,	22,	0,	'2019-09-30 19:08:39'),
(75,	31,	18,	'2019-09-30 19:57:36'),
(46,	21,	0,	'2019-09-30 19:58:33'),
(76,	31,	18,	'2019-09-30 20:14:09'),
(77,	22,	0,	'2019-09-30 20:34:34'),
(78,	31,	0,	'2019-10-01 09:02:07'),
(79,	31,	0,	'2019-10-01 10:36:43'),
(80,	31,	0,	'2019-10-01 11:48:59'),
(64,	24,	0,	'2019-10-01 12:30:41'),
(81,	24,	0,	'2019-10-01 14:15:07'),
(82,	24,	0,	'2019-10-01 15:41:08'),
(83,	24,	0,	'2019-10-01 16:11:58'),
(84,	24,	0,	'2019-10-01 16:28:48'),
(85,	23,	17,	'2019-10-01 20:54:28'),
(86,	28,	0,	'2019-10-02 08:08:44'),
(87,	17,	0,	'2019-10-02 14:12:56'),
(88,	24,	0,	'2019-10-03 08:32:35'),
(89,	24,	0,	'2019-10-03 09:16:42'),
(90,	24,	0,	'2019-10-03 10:21:29'),
(91,	24,	0,	'2019-10-03 13:22:43'),
(92,	29,	0,	'2019-10-03 14:09:47'),
(93,	29,	0,	'2019-10-03 14:50:38'),
(94,	25,	0,	'2019-10-03 15:14:16'),
(95,	29,	0,	'2019-10-03 15:14:30'),
(96,	21,	0,	'2019-10-04 12:39:40'),
(97,	17,	0,	'2019-10-04 16:56:01'),
(98,	23,	0,	'2019-10-06 20:08:28'),
(99,	31,	14,	'2019-10-06 20:17:57'),
(100,	22,	0,	'2019-10-07 10:26:26'),
(101,	22,	0,	'2019-10-07 11:03:47'),
(102,	28,	0,	'2019-10-07 11:52:03'),
(103,	28,	0,	'2019-10-07 14:44:10'),
(104,	17,	0,	'2019-10-07 15:13:46'),
(46,	21,	0,	'2019-10-07 15:31:24'),
(105,	21,	0,	'2019-10-07 16:54:27'),
(106,	21,	0,	'2019-10-07 17:25:49'),
(107,	31,	18,	'2019-10-07 19:16:01'),
(108,	21,	0,	'2019-10-07 19:25:39'),
(109,	29,	5,	'2019-10-07 21:27:45'),
(110,	31,	0,	'2019-10-08 10:32:11'),
(111,	24,	0,	'2019-10-08 15:08:30'),
(112,	24,	0,	'2019-10-08 15:45:21'),
(113,	24,	0,	'2019-10-08 17:30:43'),
(114,	25,	17,	'2019-10-08 19:54:13'),
(115,	28,	0,	'2019-10-09 08:36:24'),
(116,	23,	0,	'2019-10-09 11:34:35'),
(117,	28,	0,	'2019-10-09 12:31:31'),
(118,	28,	0,	'2019-10-09 13:18:57'),
(119,	17,	0,	'2019-10-09 13:56:33'),
(120,	28,	0,	'2019-10-09 14:37:44'),
(121,	22,	0,	'2019-10-09 17:54:05'),
(122,	13,	0,	'2019-10-10 10:39:37'),
(123,	24,	0,	'2019-10-10 11:58:49'),
(124,	24,	0,	'2019-10-10 12:45:07'),
(125,	24,	0,	'2019-10-10 13:01:18'),
(126,	24,	0,	'2019-10-10 13:51:54'),
(127,	25,	0,	'2019-10-10 14:06:02'),
(128,	25,	0,	'2019-10-10 14:34:44'),
(129,	29,	0,	'2019-10-10 14:34:58'),
(130,	29,	0,	'2019-10-10 15:27:50'),
(32,	29,	0,	'2019-10-10 16:39:13'),
(131,	25,	0,	'2019-10-10 17:03:33'),
(132,	25,	0,	'2019-10-10 17:33:46'),
(133,	23,	0,	'2019-10-11 08:22:16'),
(134,	22,	0,	'2019-10-11 10:49:50'),
(135,	17,	0,	'2019-10-11 12:59:58'),
(136,	21,	0,	'2019-10-11 13:10:57'),
(126,	17,	0,	'2019-10-11 13:20:29'),
(139,	17,	0,	'2019-10-11 14:04:26'),
(140,	21,	0,	'2019-10-11 14:04:51'),
(141,	21,	0,	'2019-10-11 14:24:47'),
(142,	21,	0,	'2019-10-11 16:14:02'),
(143,	22,	0,	'2019-10-14 08:11:08'),
(144,	28,	0,	'2019-10-14 09:34:14'),
(145,	28,	0,	'2019-10-14 10:24:21'),
(146,	28,	0,	'2019-10-14 10:54:13'),
(147,	28,	0,	'2019-10-14 12:54:10'),
(148,	17,	0,	'2019-10-14 13:06:24'),
(149,	17,	0,	'2019-10-14 13:21:59'),
(150,	17,	0,	'2019-10-14 14:17:53'),
(151,	28,	0,	'2019-10-14 15:05:21'),
(152,	17,	0,	'2019-10-14 15:15:55'),
(153,	21,	0,	'2019-10-14 15:37:49'),
(156,	17,	0,	'2019-10-14 16:49:59'),
(157,	21,	0,	'2019-10-14 18:39:19'),
(158,	31,	18,	'2019-10-14 19:12:33'),
(159,	31,	0,	'2019-10-15 10:02:29'),
(160,	31,	0,	'2019-10-15 10:52:32'),
(161,	31,	0,	'2019-10-15 10:59:54'),
(162,	31,	0,	'2019-10-15 11:44:19'),
(163,	24,	0,	'2019-10-15 13:07:35'),
(164,	24,	0,	'2019-10-15 15:34:22'),
(165,	23,	0,	'2019-10-16 10:28:44'),
(166,	17,	0,	'2019-10-16 11:07:26'),
(167,	17,	0,	'2019-10-16 12:42:52'),
(168,	28,	0,	'2019-10-16 15:54:40'),
(169,	29,	0,	'2019-10-16 16:14:20'),
(170,	29,	0,	'2019-10-16 16:40:10'),
(171,	23,	0,	'2019-10-17 10:54:15'),
(172,	25,	0,	'2019-10-17 14:06:18'),
(173,	23,	0,	'2019-10-18 09:46:31'),
(174,	23,	0,	'2019-10-18 11:09:05'),
(175,	28,	0,	'2019-10-21 09:20:25'),
(176,	28,	0,	'2019-10-21 11:58:04'),
(177,	28,	0,	'2019-10-21 12:04:18'),
(178,	17,	0,	'2019-10-21 14:00:48'),
(179,	28,	0,	'2019-10-21 14:01:40'),
(180,	17,	0,	'2019-10-21 14:30:06'),
(181,	17,	0,	'2019-10-21 14:50:22'),
(182,	21,	0,	'2019-10-21 15:18:11'),
(183,	17,	0,	'2019-10-21 15:20:02'),
(184,	21,	0,	'2019-10-21 17:51:26'),
(185,	31,	0,	'2019-10-22 09:17:17'),
(186,	31,	0,	'2019-10-22 10:01:56'),
(187,	31,	0,	'2019-10-22 10:53:11'),
(188,	24,	0,	'2019-10-22 15:22:53'),
(189,	24,	0,	'2019-10-22 17:02:46'),
(190,	25,	18,	'2019-10-22 19:55:27'),
(191,	23,	0,	'2019-10-23 10:20:50'),
(192,	23,	0,	'2019-10-23 10:48:30'),
(193,	28,	0,	'2019-10-23 16:16:41'),
(194,	28,	0,	'2019-10-23 16:16:49'),
(195,	17,	0,	'2019-10-23 20:29:31'),
(196,	29,	10,	'2019-10-23 21:15:11'),
(197,	29,	0,	'2019-10-24 13:40:53'),
(198,	30,	0,	'2019-10-24 17:50:05'),
(199,	25,	0,	'2019-10-24 17:54:04'),
(200,	22,	0,	'2019-10-25 09:51:37'),
(201,	21,	0,	'2019-10-25 12:39:06'),
(202,	17,	0,	'2019-10-25 14:29:35'),
(203,	21,	0,	'2019-10-25 14:33:40'),
(204,	21,	0,	'2019-10-25 15:01:33'),
(205,	17,	0,	'2019-10-25 15:19:49'),
(206,	21,	0,	'2019-10-25 15:22:42'),
(98,	17,	0,	'2019-10-28 13:49:01'),
(207,	17,	0,	'2019-10-28 15:14:16'),
(208,	21,	0,	'2019-10-28 16:57:43'),
(209,	21,	0,	'2019-10-28 18:03:32'),
(210,	21,	0,	'2019-10-28 19:12:40'),
(211,	31,	18,	'2019-10-28 19:47:19'),
(212,	31,	0,	'2019-10-29 11:46:22'),
(213,	30,	0,	'2019-10-29 12:18:37'),
(214,	33,	0,	'2019-10-29 12:58:32'),
(215,	24,	0,	'2019-10-29 13:05:40'),
(216,	24,	0,	'2019-10-29 15:15:50'),
(217,	24,	0,	'2019-10-29 17:08:52'),
(218,	24,	0,	'2019-10-29 17:27:42'),
(114,	25,	17,	'2019-10-29 19:12:50'),
(219,	25,	17,	'2019-10-29 21:12:08'),
(220,	25,	17,	'2019-10-29 21:30:07'),
(26,	28,	0,	'2019-10-30 11:47:35'),
(221,	28,	0,	'2019-10-30 11:49:21'),
(222,	28,	0,	'2019-10-30 13:56:34'),
(223,	17,	0,	'2019-10-30 17:00:06'),
(224,	24,	0,	'2019-10-31 11:48:36'),
(225,	24,	0,	'2019-10-31 11:49:17'),
(226,	25,	0,	'2019-10-31 13:53:53'),
(227,	23,	0,	'2019-10-31 16:38:54'),
(228,	25,	0,	'2019-10-31 17:54:48'),
(229,	17,	7,	'2019-10-31 19:10:08'),
(230,	23,	0,	'2019-11-01 10:58:32'),
(231,	17,	0,	'2019-11-01 13:50:05'),
(232,	17,	0,	'2019-11-01 14:04:53'),
(233,	21,	0,	'2019-11-01 15:06:04'),
(234,	21,	0,	'2019-11-01 16:44:50'),
(235,	31,	14,	'2019-11-03 19:52:08'),
(236,	22,	0,	'2019-11-04 09:09:41'),
(237,	22,	0,	'2019-11-04 09:36:30'),
(238,	28,	0,	'2019-11-04 09:54:43'),
(239,	22,	0,	'2019-11-04 10:47:08'),
(240,	28,	0,	'2019-11-04 11:48:14'),
(241,	17,	0,	'2019-11-04 13:17:33'),
(242,	17,	0,	'2019-11-04 13:25:00'),
(243,	17,	0,	'2019-11-04 14:46:38'),
(244,	21,	0,	'2019-11-04 15:05:30'),
(245,	17,	0,	'2019-11-04 15:17:09'),
(246,	17,	0,	'2019-11-04 17:08:26'),
(247,	25,	18,	'2019-11-04 21:05:32'),
(248,	31,	0,	'2019-11-05 09:45:05'),
(249,	31,	0,	'2019-11-05 09:45:05'),
(250,	24,	0,	'2019-11-05 13:25:03'),
(251,	24,	0,	'2019-11-05 14:51:50'),
(252,	24,	0,	'2019-11-05 15:03:50'),
(210,	24,	0,	'2019-11-05 16:57:14'),
(99,	24,	0,	'2019-11-05 17:41:41'),
(253,	30,	0,	'2019-11-05 18:12:56'),
(254,	25,	18,	'2019-11-05 21:11:52'),
(85,	25,	18,	'2019-11-05 21:16:48'),
(255,	23,	0,	'2019-11-06 11:06:10'),
(256,	28,	0,	'2019-11-06 11:17:31'),
(257,	23,	0,	'2019-11-06 12:11:40'),
(258,	28,	0,	'2019-11-06 14:05:54'),
(259,	28,	0,	'2019-11-06 14:19:21'),
(260,	28,	0,	'2019-11-06 14:33:17'),
(261,	28,	0,	'2019-11-06 15:04:32'),
(262,	28,	0,	'2019-11-06 15:14:18'),
(263,	28,	0,	'2019-11-06 15:15:43'),
(264,	28,	0,	'2019-11-06 16:16:02'),
(265,	24,	0,	'2019-11-07 10:43:58'),
(266,	24,	0,	'2019-11-07 12:06:04'),
(267,	24,	0,	'2019-11-07 12:15:11'),
(268,	24,	0,	'2019-11-07 12:58:44'),
(269,	29,	0,	'2019-11-07 13:41:53'),
(270,	29,	0,	'2019-11-07 15:02:08'),
(271,	12,	0,	'2019-11-07 15:28:18'),
(272,	25,	0,	'2019-11-07 16:03:13'),
(273,	17,	0,	'2019-11-07 19:50:31'),
(274,	23,	0,	'2019-11-08 10:29:06'),
(275,	23,	0,	'2019-11-08 11:23:57'),
(276,	22,	0,	'2019-11-08 11:51:21'),
(277,	17,	0,	'2019-11-08 12:29:52'),
(278,	21,	0,	'2019-11-08 13:51:55'),
(279,	17,	0,	'2019-11-08 14:30:56'),
(280,	19,	0,	'2019-11-10 16:53:40'),
(281,	28,	0,	'2019-11-11 10:25:01'),
(282,	17,	0,	'2019-11-11 13:25:51'),
(283,	17,	0,	'2019-11-11 13:33:02'),
(284,	28,	0,	'2019-11-11 13:41:47'),
(285,	28,	0,	'2019-11-11 13:50:55'),
(286,	21,	0,	'2019-11-11 15:20:17'),
(287,	17,	0,	'2019-11-11 15:38:02'),
(44,	21,	0,	'2019-11-11 17:00:19'),
(76,	31,	18,	'2019-11-11 19:34:02'),
(288,	31,	0,	'2019-11-12 08:21:31'),
(289,	31,	0,	'2019-11-12 11:21:06'),
(290,	24,	0,	'2019-11-12 12:29:46'),
(291,	24,	0,	'2019-11-12 13:27:47'),
(284,	24,	0,	'2019-11-12 17:24:11'),
(292,	28,	0,	'2019-11-13 13:17:00'),
(293,	17,	0,	'2019-11-13 14:32:43'),
(46,	28,	0,	'2019-11-13 16:01:56'),
(294,	24,	0,	'2019-11-14 09:26:26'),
(295,	24,	0,	'2019-11-14 09:55:13'),
(296,	24,	0,	'2019-11-14 10:21:13'),
(297,	24,	0,	'2019-11-14 12:06:24'),
(298,	25,	0,	'2019-11-14 14:13:17'),
(299,	25,	0,	'2019-11-14 15:16:54'),
(300,	29,	0,	'2019-11-14 16:13:45'),
(298,	25,	0,	'2019-11-14 20:11:24'),
(301,	21,	0,	'2019-11-15 13:25:47'),
(302,	21,	0,	'2019-11-15 14:16:56'),
(303,	33,	0,	'2019-11-18 12:31:45'),
(304,	17,	0,	'2019-11-18 13:53:57'),
(305,	17,	0,	'2019-11-18 14:26:15'),
(306,	21,	0,	'2019-11-18 15:40:22'),
(307,	21,	0,	'2019-11-18 16:34:09'),
(308,	21,	0,	'2019-11-18 18:04:50'),
(309,	31,	0,	'2019-11-19 10:50:55'),
(310,	24,	0,	'2019-11-19 14:16:40'),
(311,	24,	0,	'2019-11-19 15:45:33'),
(312,	28,	0,	'2019-11-20 12:31:26'),
(313,	28,	0,	'2019-11-20 12:53:04'),
(314,	17,	0,	'2019-11-20 13:42:34'),
(315,	24,	0,	'2019-11-21 12:17:53'),
(316,	24,	0,	'2019-11-21 13:08:36'),
(317,	25,	0,	'2019-11-21 15:23:44'),
(70,	25,	0,	'2019-11-22 12:39:35'),
(318,	25,	0,	'2019-11-22 13:31:16'),
(319,	17,	0,	'2019-11-22 14:31:49'),
(320,	31,	14,	'2019-11-24 19:53:55'),
(321,	17,	0,	'2019-11-25 13:38:25'),
(289,	28,	0,	'2019-11-25 14:14:21'),
(322,	21,	0,	'2019-11-25 15:30:11'),
(323,	54,	0,	'2019-11-25 16:08:05'),
(324,	17,	0,	'2019-11-25 17:19:50'),
(325,	21,	0,	'2019-11-25 21:18:24'),
(313,	31,	0,	'2019-11-26 11:07:52'),
(326,	30,	0,	'2019-11-26 11:57:34'),
(327,	24,	0,	'2019-11-26 15:26:14'),
(209,	24,	0,	'2019-11-26 15:53:41'),
(328,	19,	0,	'2019-11-26 15:54:14'),
(329,	28,	0,	'2019-11-27 10:07:58'),
(330,	28,	0,	'2019-11-27 10:08:14'),
(331,	56,	0,	'2019-11-27 13:21:35'),
(332,	56,	0,	'2019-11-27 14:40:23'),
(333,	17,	0,	'2019-11-27 16:38:45'),
(334,	31,	14,	'2019-12-01 21:21:48'),
(335,	28,	0,	'2019-12-02 10:42:44'),
(336,	28,	0,	'2019-12-02 12:29:08'),
(337,	17,	0,	'2019-12-02 12:58:56'),
(338,	28,	0,	'2019-12-02 13:07:42'),
(12,	28,	0,	'2019-12-02 14:51:46'),
(339,	21,	0,	'2019-12-02 15:21:00'),
(306,	28,	0,	'2019-12-02 15:30:40'),
(298,	28,	0,	'2019-12-02 15:36:01'),
(340,	28,	0,	'2019-12-02 15:59:48'),
(33,	17,	0,	'2019-12-02 16:15:41'),
(341,	21,	0,	'2019-12-02 17:57:43'),
(342,	21,	0,	'2019-12-02 20:37:53'),
(343,	31,	0,	'2019-12-03 09:51:11'),
(344,	31,	0,	'2019-12-03 10:22:22'),
(313,	31,	0,	'2019-12-03 11:03:48'),
(345,	13,	0,	'2019-12-03 12:00:13'),
(346,	24,	0,	'2019-12-03 12:31:26'),
(347,	19,	0,	'2019-12-03 12:31:31'),
(348,	19,	0,	'2019-12-03 13:37:02'),
(349,	24,	0,	'2019-12-03 14:49:34'),
(350,	19,	0,	'2019-12-03 15:21:23'),
(351,	24,	0,	'2019-12-03 15:46:10'),
(352,	19,	0,	'2019-12-03 16:49:27'),
(353,	19,	0,	'2019-12-03 16:56:06'),
(354,	23,	9,	'2019-12-03 21:30:03'),
(184,	28,	0,	'2019-12-04 14:46:16'),
(355,	17,	0,	'2019-12-04 14:47:13'),
(309,	28,	0,	'2019-12-04 15:27:23'),
(356,	17,	0,	'2019-12-04 18:03:19'),
(71,	22,	0,	'2019-12-04 18:15:34'),
(357,	24,	0,	'2019-12-05 09:27:40'),
(358,	24,	0,	'2019-12-05 09:54:13'),
(359,	33,	0,	'2019-12-05 10:15:12'),
(360,	24,	0,	'2019-12-05 10:59:12'),
(361,	13,	0,	'2019-12-05 12:41:21'),
(362,	24,	0,	'2019-12-05 12:43:00'),
(22,	24,	0,	'2019-12-05 12:51:48'),
(363,	33,	0,	'2019-12-05 12:54:27'),
(364,	24,	0,	'2019-12-05 13:18:53'),
(307,	24,	0,	'2019-12-05 13:53:02'),
(365,	25,	0,	'2019-12-05 14:30:05'),
(366,	56,	0,	'2019-12-06 08:14:36'),
(367,	56,	0,	'2019-12-06 11:43:15'),
(368,	21,	0,	'2019-12-06 13:11:16'),
(369,	21,	0,	'2019-12-06 13:45:08'),
(370,	17,	0,	'2019-12-06 14:00:25'),
(371,	21,	0,	'2019-12-06 15:12:28'),
(372,	21,	0,	'2019-12-06 15:50:26');

DROP TABLE IF EXISTS `legacyShifts`;
CREATE TABLE `legacyShifts` (
  `shiftID` int(11) NOT NULL,
  `coveredBy` int(11) DEFAULT NULL,
  `postedBy` int(11) DEFAULT NULL,
  `postedDate` datetime DEFAULT CURRENT_TIMESTAMP,
  `availability` tinyint(4) DEFAULT NULL,
  `positionID` int(11) DEFAULT NULL,
  `groupID` int(11) DEFAULT NULL,
  `perm` tinyint(4) DEFAULT NULL,
  `message` varchar(255) DEFAULT NULL,
  `shiftDateEnd` mediumtext,
  `shiftDateStart` mediumtext,
  PRIMARY KEY (`shiftID`)
) ENGINE=InnoDB DEFAULT CHARSET=latin1;

INSERT INTO `legacyShifts` (`shiftID`, `coveredBy`, `postedBy`, `postedDate`, `availability`, `positionID`, `groupID`, `perm`, `message`, `shiftDateEnd`, `shiftDateStart`) VALUES
(1,	NULL,	24,	'2019-09-22 23:56:27',	0,	1,	0,	0,	'I have to tour a company for a class at 1PM.',	'1569351634892',	'1569340834896'),
(2,	42,	47,	'2019-09-23 12:11:49',	1,	5,	2,	0,	'',	'1571346001684',	'1571335201692'),
(3,	47,	50,	'2019-09-23 12:12:04',	1,	5,	2,	0,	'',	'1573232458583',	'1573218658589'),
(5,	NULL,	50,	'2019-09-23 12:13:21',	0,	5,	2,	0,	'',	'1576256424649',	'1576242744654'),
(6,	NULL,	43,	'2019-09-23 12:13:42',	0,	5,	2,	0,	'',	'1571418023251',	'1571400803257'),
(7,	NULL,	33,	'2019-09-23 14:03:33',	0,	1,	0,	0,	'Expo',	'1569434412463',	'1569427212466'),
(8,	30,	31,	'2019-09-23 22:40:15',	1,	2,	0,	0,	'Pinning ceremony for PSP',	'1569376836941',	'1569365136944'),
(10,	28,	23,	'2019-09-24 16:19:05',	1,	2,	0,	0,	'Have an important meeting to attend with my professor',	'1569463256955',	'1569451556958'),
(12,	48,	45,	'2019-09-25 13:20:08',	1,	5,	2,	0,	'',	'1571432443620',	'1571418043631'),
(13,	23,	28,	'2019-09-25 16:15:27',	1,	1,	0,	0,	'I will be doing something but Aanfal will take it :)',	'1569600030155',	'1569585630157'),
(16,	45,	43,	'2019-09-25 20:43:36',	1,	5,	2,	0,	'',	'1571259647084',	'1571241647088'),
(17,	28,	27,	'2019-09-26 14:22:58',	1,	1,	0,	0,	'Would not be in Kalamazoo',	'1571191214402',	'1571166014405'),
(18,	23,	27,	'2019-09-26 14:23:30',	1,	1,	0,	0,	'Would not be in Kalamazoo',	'1571324400344',	'1571313600347'),
(20,	NULL,	27,	'2019-09-26 14:25:23',	0,	1,	0,	0,	'Would not be in Kalamazoo.',	'1571929255319',	'1571918455322'),
(22,	23,	33,	'2019-09-27 13:28:28',	1,	1,	0,	0,	'',	'1569607206623',	'1569600006623'),
(23,	NULL,	30,	'2019-09-28 23:19:39',	0,	1,	0,	0,	'Need to attend a project meeting',	'1569949243781',	'1569940243786'),
(25,	23,	21,	'2019-09-30 21:59:08',	1,	1,	0,	0,	'Going home for a doctor appointment',	'1571432459009',	'1571414459012'),
(26,	NULL,	33,	'2019-09-30 22:27:42',	0,	1,	0,	0,	'need to go office hour',	'1569952849219',	'1569938449224'),
(27,	17,	26,	'2019-10-02 00:30:04',	1,	1,	0,	0,	'I am going home for fall break.',	'1571241629963',	'1571227229966'),
(29,	23,	33,	'2019-10-02 12:20:21',	1,	1,	0,	0,	'fall break trip',	'1571331652289',	'1571320852293'),
(30,	29,	33,	'2019-10-02 12:22:11',	1,	1,	0,	0,	'fall break trip',	'1571256046374',	'1571241646378'),
(31,	23,	28,	'2019-10-02 14:22:57',	1,	1,	0,	1,	'Every Friday morning.',	'1570204854247',	'1570190454251'),
(32,	28,	23,	'2019-10-02 14:22:59',	1,	2,	0,	1,	'Switching shifts with Juan',	'1570068010363',	'1570056310363'),
(35,	30,	29,	'2019-10-02 15:21:31',	1,	1,	0,	0,	'Going home for fall break. ',	'1571346044717',	'1571331644736'),
(36,	NULL,	22,	'2019-10-02 16:09:24',	0,	1,	0,	0,	'Will be gone for fall break',	'1571414891790',	'1571400003791'),
(37,	NULL,	31,	'2019-10-02 16:50:41',	0,	2,	0,	0,	'Mobile shift the Tuesday before fall break',	'1571191220263',	'1571179520275'),
(38,	26,	25,	'2019-10-02 18:13:47',	1,	2,	0,	0,	'Major related performance I have to attend.',	'1574132416535',	'1574120716538'),
(40,	27,	19,	'2019-10-03 04:03:00',	1,	2,	0,	0,	'Required event for fraternity',	'1570413633066',	'1570401933072'),
(41,	25,	23,	'2019-10-03 20:12:45',	1,	1,	0,	0,	'Would not be in Kzoo on this day',	'1571349652438',	'1571342452443'),
(42,	NULL,	30,	'2019-10-03 20:22:34',	0,	2,	0,	0,	'',	'1570154421997',	'1570142721997'),
(43,	NULL,	24,	'2019-10-05 16:28:26',	0,	1,	0,	0,	'Senior design meeting.',	'1570723223518',	'1570708823521'),
(44,	NULL,	19,	'2019-10-06 23:19:44',	0,	2,	0,	0,	'Required event for fraternity',	'1570759204494',	'1570747504502'),
(45,	50,	47,	'2019-10-07 13:42:27',	1,	5,	2,	0,	'',	'1571252435245',	'1571245235250'),
(46,	27,	23,	'2019-10-08 01:18:33',	1,	1,	0,	0,	'Would be in Pittsburgh for the Racquetball Tournament  ',	'1571018416829',	'1571000416833'),
(47,	NULL,	30,	'2019-10-08 01:48:39',	0,	1,	0,	0,	'',	'1570554058434',	'1570545058445'),
(50,	NULL,	33,	'2019-10-10 11:52:29',	0,	1,	0,	0,	'Senior design presentation meeting ',	'1571086800346',	'1571077800352'),
(51,	NULL,	12,	'2019-10-10 20:16:45',	0,	1,	0,	0,	'Michael will not be able to make it to his phone shift tonight. ',	'1570759248897',	'1570741248897'),
(52,	NULL,	19,	'2019-10-11 01:56:34',	0,	2,	0,	0,	'Induction for my Fraternity',	'1571104829318',	'1571093129326'),
(53,	NULL,	32,	'2019-10-13 21:58:48',	0,	3,	0,	0,	'Cannot make it in, need to leave for appointment',	'1571191205862',	'1571173205864'),
(54,	30,	19,	'2019-10-13 23:20:20',	1,	1,	0,	0,	'Will be in Pennsylvania',	'1571605220235',	'1571587220239'),
(58,	NULL,	13,	'2019-09-17 14:29:44',	0,	1,	0,	0,	'',	'1568725213106',	'1568721613106'),
(59,	NULL,	13,	'2019-09-17 14:40:40',	0,	1,	0,	0,	'',	'1568714430510',	'1568710830510'),
(60,	NULL,	32,	'2019-10-19 17:02:23',	0,	3,	0,	0,	'Recovery from surgery',	'1571709645628',	'1571691645640'),
(61,	9,	3,	'2019-09-18 18:02:29',	1,	1,	0,	1,	'',	'1568811617892',	'1568797217892'),
(62,	NULL,	3,	'2019-09-18 22:11:03',	0,	1,	0,	0,	'',	'1568808037254',	'1568797237254'),
(63,	30,	32,	'2019-10-19 17:03:16',	1,	3,	0,	0,	'Recovery from surgery',	'1571968803270',	'1571950803282'),
(65,	NULL,	30,	'2019-10-22 12:50:26',	0,	1,	0,	0,	'I have to meet with my senior design team.',	'1571763619529',	'1571754619529'),
(68,	NULL,	29,	'2019-10-23 15:55:21',	0,	1,	0,	0,	'I have to meet with a professor.',	'1571864430017',	'1571860830017'),
(69,	NULL,	33,	'2019-10-23 19:20:18',	0,	1,	0,	0,	'need to attend a interview ',	'1571936401216',	'1571925601219'),
(70,	NULL,	14,	'2019-10-24 14:58:53',	0,	1,	3,	0,	'CJs shift has been posted, as he is out today',	'1571932815455',	'1571925615455'),
(71,	NULL,	36,	'2019-10-24 16:01:18',	0,	1,	3,	0,	'Testing',	'1571936405742',	'1571934605742'),
(72,	NULL,	38,	'2019-10-24 16:01:30',	0,	1,	3,	0,	'Testing!',	'1571936414527',	'1571932874527'),
(73,	NULL,	31,	'2019-10-25 03:00:57',	0,	2,	0,	0,	'Marching Band Concert',	'1572228028730',	'1572216328733'),
(75,	NULL,	33,	'2019-10-26 02:01:01',	0,	1,	0,	0,	'Immigration office meeting',	'1572465616693',	'1572451216697'),
(76,	28,	33,	'2019-10-26 02:01:57',	1,	1,	0,	0,	'',	'1572296428657',	'1572289228661'),
(77,	NULL,	23,	'2019-10-27 14:10:29',	0,	1,	0,	0,	'Have a huge assignment to finish up by today',	'1572228016777',	'1572210016777'),
(78,	NULL,	32,	'2019-10-29 15:51:15',	0,	3,	0,	0,	'Rest for surgery',	'1572400833961',	'1572382833961'),
(79,	45,	47,	'2019-10-29 18:08:32',	1,	5,	2,	0,	'',	'1574892059052',	'1574877659056'),
(80,	NULL,	9,	'2019-10-29 19:20:53',	0,	1,	0,	0,	'This is a test',	'1572368413453',	'1572364813453'),
(82,	31,	19,	'2019-10-29 21:28:07',	1,	2,	0,	0,	'Required Fraternity event',	'1572573654261',	'1572561954266'),
(83,	23,	21,	'2019-10-29 21:33:51',	1,	1,	0,	0,	'Make up exam',	'1572627628404',	'1572624028422'),
(84,	23,	31,	'2019-10-29 22:21:47',	1,	2,	0,	0,	'Marching Band practice',	'1573009247992',	'1572911147999'),
(85,	NULL,	31,	'2019-10-29 22:26:11',	0,	2,	0,	0,	'Marching Band Performance (Football Game',	'1573095647563',	'1572997547568'),
(86,	NULL,	23,	'2019-10-30 13:35:47',	0,	1,	0,	0,	'Really sick',	'1572454810463',	'1572444010463'),
(87,	30,	27,	'2019-10-30 18:32:58',	1,	1,	0,	0,	'',	'1573009226200',	'1572984026210'),
(88,	NULL,	27,	'2019-10-30 18:33:22',	0,	1,	0,	0,	'',	'1573142401387',	'1573131601398'),
(89,	NULL,	46,	'2019-10-31 16:28:07',	0,	5,	2,	0,	'',	'1573250432564',	'1573234052566'),
(91,	48,	43,	'2019-11-01 14:57:59',	1,	5,	2,	0,	'',	'1575655226007',	'1575637226013'),
(92,	27,	23,	'2019-11-01 18:47:21',	1,	1,	0,	0,	'Have an E board meeting to attend ',	'1572836456352',	'1572818456368'),
(93,	25,	33,	'2019-11-03 17:06:26',	1,	1,	0,	0,	'',	'1572969616705',	'1572966016709'),
(94,	NULL,	19,	'2019-11-03 17:57:50',	0,	2,	0,	0,	'Fraternity Meeting',	'1573182036642',	'1573170336647'),
(98,	NULL,	29,	'2019-11-04 14:43:20',	0,	2,	0,	0,	'I have an exam tomorrow.',	'1572922851975',	'1572911151975'),
(99,	NULL,	45,	'2019-11-05 19:39:11',	0,	5,	2,	0,	'',	'1573250451108',	'1573236051113'),
(100,	NULL,	33,	'2019-11-05 20:22:34',	0,	1,	0,	0,	'senior design group meeting',	'1573074052931',	'1573059652935'),
(101,	NULL,	47,	'2019-11-08 14:00:44',	0,	5,	2,	0,	'',	'1576188008007',	'1576177208012'),
(102,	NULL,	30,	'2019-11-08 18:05:43',	0,	1,	0,	0,	'',	'1573581617662',	'1573572617665'),
(103,	28,	33,	'2019-11-11 02:10:52',	1,	1,	0,	0,	'I am ill ',	'1573509627279',	'1573484427286'),
(104,	NULL,	33,	'2019-11-11 02:54:26',	0,	1,	0,	0,	'I am ill ',	'1573585206023',	'1573570806029'),
(105,	47,	43,	'2019-11-11 13:46:16',	1,	5,	2,	0,	'',	'1575928850303',	'1575914450310'),
(106,	NULL,	43,	'2019-11-11 13:46:49',	0,	5,	2,	0,	'',	'1575914430112',	'1575896430120'),
(107,	NULL,	41,	'2019-11-11 20:09:43',	0,	1,	3,	0,	'Composite photo appointment',	'1573516821213',	'1573513221213'),
(112,	NULL,	30,	'2019-11-14 22:35:00',	0,	2,	0,	0,	'Not feeling well',	'1573786834289',	'1573775134289'),
(113,	25,	21,	'2019-11-15 17:38:10',	1,	1,	0,	0,	'Have an audition',	'1574460035954',	'1574442035957'),
(114,	NULL,	31,	'2019-11-17 19:04:34',	0,	2,	0,	0,	'Feeling unwell',	'1574046056164',	'1574034356164'),
(115,	25,	22,	'2019-11-17 23:22:48',	1,	1,	0,	0,	'Out of town ',	'1575860447450',	'1575842447456'),
(116,	31,	23,	'2019-11-19 00:17:10',	1,	1,	0,	0,	'have to drop a family member to grand rapids',	'1574272817342',	'1574262017357'),
(117,	19,	29,	'2019-11-19 04:17:51',	1,	2,	0,	0,	'Have to work on an assignment ',	'1574218845397',	'1574207145402'),
(118,	31,	29,	'2019-11-19 04:19:30',	1,	2,	0,	0,	'Have to work on an assignment',	'1574305255365',	'1574293555369'),
(119,	23,	33,	'2019-11-21 21:43:37',	1,	1,	0,	0,	'have a interview next monday',	'1574704811299',	'1574694011303'),
(120,	NULL,	39,	'2019-11-22 16:08:17',	0,	1,	3,	0,	'Had to schedule a dentist appointment back at home for Wednesday morning',	'1574874042838',	'1574857842846'),
(121,	28,	29,	'2019-11-23 00:00:31',	1,	2,	0,	0,	'I have an exam the next day morning. ',	'1574737210961',	'1574725510966'),
(122,	31,	33,	'2019-11-25 00:41:35',	1,	1,	0,	0,	'Have a presentation ',	'1574719215678',	'1574715615683'),
(123,	16,	48,	'2019-11-25 16:53:59',	1,	5,	2,	0,	'',	'1574877639739',	'1574859639744'),
(124,	NULL,	33,	'2019-11-25 18:02:07',	0,	1,	0,	0,	'have an interview',	'1574794847085',	'1574780447088'),
(125,	23,	33,	'2019-11-25 18:33:46',	1,	1,	0,	0,	'will leave kalamazoo',	'1574888419145',	'1574874019148'),
(126,	NULL,	16,	'2019-11-26 12:43:59',	0,	1,	2,	0,	'Akasi will not be in the office on Wed morning',	'1574874015917',	'1574859615921'),
(127,	23,	29,	'2019-11-26 16:36:50',	1,	1,	0,	0,	'Leaving for Detroit',	'1574892031393',	'1574888431405'),
(128,	NULL,	29,	'2019-11-26 17:58:56',	0,	2,	0,	0,	'Leaving for Detroit',	'1574823655952',	'1574811955952'),
(129,	NULL,	33,	'2019-11-27 23:58:26',	0,	1,	0,	0,	'My senior design presentation ',	'1575399657288',	'1575385257291'),
(132,	NULL,	29,	'2019-12-01 14:11:32',	0,	2,	0,	0,	'I have a meeting with a tutor.',	'1575342036327',	'1575330336332'),
(133,	56,	22,	'2019-12-01 21:57:44',	1,	1,	0,	0,	'Out of town',	'1575651613506',	'1575637213510'),
(134,	NULL,	33,	'2019-12-02 01:31:07',	0,	1,	0,	0,	'prepare for senior design presentation at 12/03',	'1575324014424',	'1575298814428'),
(135,	NULL,	30,	'2019-12-02 13:28:05',	0,	1,	0,	0,	'I need to attend senior design presentations',	'1575396040882',	'1575387032193'),
(136,	NULL,	29,	'2019-12-02 22:05:18',	0,	2,	0,	0,	'Have to go for tutoring hours  ',	'1575428417373',	'1575416717380'),
(137,	31,	29,	'2019-12-02 22:06:14',	1,	2,	0,	0,	'I have to go for tutoring hours.',	'1575514828482',	'1575503128487'),
(138,	NULL,	46,	'2019-12-03 18:27:09',	0,	5,	2,	0,	'',	'1576274428101',	'1576242028106'),
(139,	NULL,	31,	'2019-12-07 02:06:07',	0,	2,	0,	0,	'Marching band banquet',	'1575860439691',	'1575848739702'),
(140,	NULL,	19,	'2019-12-07 06:16:34',	0,	3,	0,	0,	'Syllabus said 7:15 exam, I assumed it was 7:15 AM. Just found out that was apparently wrong',	'1576119645912',	'1576015245923'),
(141,	NULL,	23,	'2019-12-08 00:01:59',	0,	1,	0,	0,	'Have exam the next day in the morning',	'1575860440713',	'1575842440724');

DROP TABLE IF EXISTS `location`;
CREATE TABLE `location` (
  `id` int(11) NOT NULL,
  `locationName` varchar(255) DEFAULT NULL,
  PRIMARY KEY (`id`)
) ENGINE=InnoDB DEFAULT CHARSET=latin1;

INSERT INTO `location` (`id`, `locationName`) VALUES
(0,	'Walk-In'),
(1,	'Ackley/Shilling'),
(2,	'Britton/Hadley'),
(3,	'Davis'),
(4,	'Draper'),
(5,	'Eicher/LeFevre'),
(6,	'Ernest Burnham'),
(7,	'Fox/Eldridge'),
(8,	'French'),
(9,	'Garneau/Harvey'),
(10,	'Harrison/Stinson'),
(11,	'Henry'),
(12,	'Siedschlag'),
(13,	'Smith Burnham'),
(14,	'Spindler'),
(15,	'Valley Dining Center'),
(16,	'Waldo Library'),
(17,	'Western Heights East'),
(18,	'Western Heights West'),
(19,	'Zimmerman');

DROP TABLE IF EXISTS `positions`;
CREATE TABLE `positions` (
  `id` int(11) NOT NULL AUTO_INCREMENT,
  `groupID` int(11) DEFAULT NULL,
  `posName` varchar(255) DEFAULT NULL,
  PRIMARY KEY (`id`)
) ENGINE=InnoDB DEFAULT CHARSET=latin1;

INSERT INTO `positions` (`id`, `groupID`, `posName`) VALUES
(1,	0,	'Walk-In'),
(2,	0,	'Mobile'),
(3,	0,	'Call-In'),
(4,	1,	'Labs'),
(5,	2,	'Calls');

DROP TABLE IF EXISTS `records`;
CREATE TABLE `records` (
  `cosID` int(11) DEFAULT NULL,
  `empyID` int(11) DEFAULT NULL,
  `location` int(11) DEFAULT NULL,
  `date` timestamp NULL DEFAULT NULL
) ENGINE=InnoDB DEFAULT CHARSET=latin1;


DROP TABLE IF EXISTS `shifts`;
CREATE TABLE `shifts` (
  `shiftID` int(11) NOT NULL AUTO_INCREMENT,
  `coveredBy` int(11) DEFAULT NULL,
  `postedBy` int(11) DEFAULT NULL,
  `postedDate` datetime DEFAULT CURRENT_TIMESTAMP,
  `availability` tinyint(4) DEFAULT NULL,
  `positionID` int(11) DEFAULT NULL,
  `groupID` int(11) DEFAULT NULL,
  `perm` tinyint(4) DEFAULT NULL,
  `message` varchar(255) DEFAULT NULL,
  `shiftDateEnd` mediumtext,
  `shiftDateStart` mediumtext,
  PRIMARY KEY (`shiftID`)
) ENGINE=InnoDB DEFAULT CHARSET=latin1;

INSERT INTO `shifts` (`shiftID`, `coveredBy`, `postedBy`, `postedDate`, `availability`, `positionID`, `groupID`, `perm`, `message`, `shiftDateEnd`, `shiftDateStart`) VALUES
(67,	NULL,	25,	'2020-01-01 18:06:47',	0,	1,	0,	0,	'Major required strike (tear-down & cleanup) for Restoration Comedy',	'1581906624349',	'1581886824353'),
(68,	NULL,	25,	'2020-01-01 18:07:19',	0,	1,	0,	0,	'Major required strike (tear-down & cleanup) for Tribes',	'1584928850928',	'1584907250931'),
(74,	NULL,	19,	'2020-01-05 21:36:49',	0,	2,	0,	0,	'Required fraternity event',	'1579143623434',	'1579131923442'),
(75,	NULL,	19,	'2020-01-05 21:37:09',	0,	2,	0,	0,	'Required fraternity event',	'1579748451440',	'1579736751450'),
(76,	NULL,	19,	'2020-01-05 21:37:39',	0,	2,	0,	0,	'Required fraternity event',	'1580353211998',	'1580341512005'),
(78,	48,	46,	'2020-01-07 14:11:51',	1,	5,	2,	0,	'',	'1582912837554',	'1582894837561'),
(79,	NULL,	56,	'2020-01-08 11:35:25',	0,	1,	0,	0,	'Scholarship workshop.',	'1579107654280',	'1579104054289'),
(80,	NULL,	21,	'2020-01-08 12:16:55',	0,	3,	0,	0,	'Required performance',	'1585620014085',	'1585602014094'),
(81,	NULL,	46,	'2020-01-08 13:04:21',	0,	5,	2,	0,	'',	'1582840848701',	'1582826448706'),
(83,	NULL,	25,	'2020-01-11 00:52:05',	0,	1,	0,	0,	'Final Project Load-In',	'1586743202573',	'1586721602576'),
(84,	NULL,	25,	'2020-01-11 00:52:18',	0,	2,	0,	0,	'Final Project Load-In',	'1586829606232',	'1586817906236'),
(85,	NULL,	25,	'2020-01-11 00:52:55',	0,	1,	0,	0,	'Final Project Presentation/Performance',	'1587346219086',	'1587326419090');

DROP TABLE IF EXISTS `users`;
CREATE TABLE `users` (
  `id` int(11) NOT NULL AUTO_INCREMENT,
  `empyname` varchar(255) DEFAULT NULL,
  `surname` varchar(255) DEFAULT NULL,
  `password` varchar(255) DEFAULT NULL,
  `role` int(11) DEFAULT NULL,
  `empybnid` varchar(255) DEFAULT NULL,
  `email` varchar(255) DEFAULT NULL,
  `groupRole` int(11) DEFAULT NULL,
  PRIMARY KEY (`id`)
) ENGINE=InnoDB DEFAULT CHARSET=latin1;

INSERT INTO `users` (`id`, `empyname`, `surname`, `password`, `role`, `empybnid`, `email`, `groupRole`) VALUES
(3,	'admin',	'adminsurname',	'123456',	1,	'jfj5666',	'joe.m.manto@wmich.edu',	0),
(9,	'test-helpdesk-stu',	'helpdesk-surname',	'123456',	0,	'helpdesk-stu',	NULL,	0),
(10,	'test-labs-stu',	'labs-surname',	'123456',	0,	'labs-stu',	NULL,	1),
(11,	'test-calls-stu',	'calls-surname',	'123456',	0,	'calls-stu',	NULL,	2),
(12,	'Tony',	'Hendrix',	NULL,	1,	'grp1130',	NULL,	0),
(13,	'Dylan',	'Ledbetter',	NULL,	1,	'xbi5504',	NULL,	0),
(14,	'Travis',	'Wendt',	NULL,	1,	'tpw9146',	NULL,	3),
(15,	'classtech-stu',	'classtech-sur',	'123456',	0,	'classtech-stu',	NULL,	3),
(16,	'Missy',	'Bininger',	NULL,	1,	'mbloomquist',	NULL,	2),
(17,	'Alex',	'Boyd',	NULL,	0,	'nnp4783',	NULL,	0),
(18,	'Kevin',	'Birdsall',	NULL,	1,	'kcv9362',	NULL,	3),
(19,	'John',	'Burch',	NULL,	0,	'bdd7932',	NULL,	0),
(20,	'Michael',	'Capps',	NULL,	0,	'mch6905',	NULL,	0),
(21,	'Elizabeth',	'Carpentier',	NULL,	0,	'tjy7985',	NULL,	0),
(22,	'Henry',	'Ess',	NULL,	0,	'hfp5710',	NULL,	0),
(23,	'Anfaal',	'Faisal',	NULL,	0,	'hcd8311',	NULL,	0),
(24,	'Matthew',	'Hensler',	NULL,	0,	'mgc4322',	NULL,	0),
(25,	'Andrew',	'Kroll',	NULL,	0,	'hbb6185',	NULL,	0),
(27,	'Justin',	'Lee',	NULL,	0,	'gjb8089',	NULL,	0),
(29,	'Zia',	'Mohammed',	NULL,	0,	'zvg8427',	NULL,	0),
(30,	'Pritesh',	'Patil',	NULL,	0,	'pds7070',	NULL,	0),
(31,	'Zack',	'Polakowski',	NULL,	0,	'zbz7037',	NULL,	0),
(32,	'Jared',	'Teller',	NULL,	0,	'jsb5633',	NULL,	0),
(34,	'Merrick',	'Rumel',	NULL,	0,	'mkn5350',	NULL,	0),
(36,	'Joshua',	'Braman',	NULL,	0,	'jmr7782',	NULL,	3),
(37,	'John',	'Buiteweg',	NULL,	0,	'jwy7205',	NULL,	3),
(38,	'Aida',	'Faryami',	NULL,	0,	'dks6434',	NULL,	3),
(39,	'Marian',	'Moore',	NULL,	0,	'mgt6571',	NULL,	3),
(40,	'Adam',	'Smith',	NULL,	0,	'pch6568',	NULL,	3),
(41,	'CJ',	'Vaughn',	NULL,	0,	'ctz7307',	NULL,	3),
(42,	'Akasi',	'Osei',	NULL,	0,	'nck4423',	NULL,	2),
(43,	'Alessondra',	'Valle',	NULL,	0,	'cbh6217',	NULL,	2),
(44,	'Alex',	'Pedersen',	NULL,	0,	'cjp5685',	'NULL',	2),
(45,	'Anthony',	'Rastigue',	NULL,	0,	'myf5404',	NULL,	2),
(46,	'Amanda',	'Swope',	NULL,	0,	'zbw5737',	NULL,	2),
(47,	'Christa',	'Mack',	NULL,	0,	'cdh8854',	NULL,	2),
(48,	'Elizabeth',	'VanHeulen',	NULL,	0,	'mrn7638',	NULL,	2),
(49,	'Jess',	'Imel',	NULL,	0,	'jvg5096',	NULL,	2),
(50,	'Madie',	'Taft',	NULL,	0,	'mhr5754',	NULL,	2),
(51,	'Seth',	'Miller',	NULL,	0,	'sgz5660',	NULL,	3),
(52,	'Dean',	'Divizio',	NULL,	0,	'dgh7240',	NULL,	3),
(53,	'Angelina ',	'Tavakalyan',	NULL,	1,	'scc5516',	NULL,	3),
(54,	'Shourav',	'Das',	NULL,	0,	'sbk7612',	NULL,	0),
(55,	'Darryl',	'Lee',	NULL,	0,	'dzr8322',	NULL,	0),
(56,	'Zach',	'McGriff',	NULL,	0,	'zjs1552',	NULL,	0),
(57,	'Casey',	'Parker',	NULL,	0,	'cgk6846',	NULL,	0);

-- 2020-01-12 00:04:22
